acorn-decryption,
2.39,
2.39,
2.39,
2.39,
2.39,
2.39,
2.39,
2.39,
2.39,
2.39,
2.39,
2.39,
2.39,
2.39,
2.39,
2.39,
2.39,
2.39,
2.39,
2.39,
2.39,
2.39,
2.39,
2.39,
2.39,
2.39,
2.39,
2.39,
2.39,
2.39,
2.39,
2.39,
2.39,
2.39,
2.39,
2.39,
2.39,
2.39,
2.39,
2.39,
2.39,
2.39,
2.39,
2.39,
2.39,
2.39,
2.39,
2.39,
2.39,
2.39,
2.39,
2.39,
2.39,
2.39,
2.39,
2.39,
2.39,
2.39,
2.39,
2.39,
2.39,
2.39,
2.39,
2.39,
2.39,
2.39,
2.39,
2.39,
2.39,
2.39,
2.39,
2.39,
2.39,
2.39,
2.39,
2.39,
2.39,
2.39,
2.39,
2.39,
2.39,
2.39,
2.39,
2.39,
2.39,
2.39,
2.39,
2.39,
2.39,
2.39,
2.39,
2.39,
2.39,
2.39,
2.39,
2.39,
2.39,
2.39,
2.39,
2.39,
2.39,
2.39,
2.39,
2.39,
2.39,
2.39,
2.39,
2.39,
2.39,
2.39,
2.39,
2.39,
2.39,
2.39,
2.39,
2.39,
2.39,
2.39,
2.39,
2.39,
2.39,
2.39,
2.39,
2.39,
2.39,
2.39,
2.39,
2.39,
2.39,
2.39,
2.39,
2.39,
2.39,
2.39,
2.39,
2.39,
2.39,
2.39,
2.39,
2.39,
2.39,
2.39,
2.39,
2.39,
2.39,
2.39,
2.39,
2.39,
2.39,
2.39,
2.39,
2.39,
2.39,
2.39,
2.39,
2.39,
2.39,
2.39,
2.39,
2.39,
2.39,
2.39,
2.39,
2.39,
2.39,
2.39,
2.39,
2.39,
2.39,
2.39,
2.39,
2.39,
2.39,
2.39,
2.39,
2.39,
2.39,
2.39,
2.39,
2.39,
2.39,
2.39,
2.39,
2.39,
2.39,
2.39,
2.39,
2.39,
2.39,
2.39,
2.39,
2.39,
2.39,
2.39,
2.39,
2.39,
2.39,
2.39,
2.39,
2.39,