acorn-encryption,
2.37,
2.37,
2.37,
2.37,
2.37,
2.37,
2.37,
2.37,
2.37,
2.37,
2.37,
2.37,
2.37,
2.37,
2.37,
2.37,
2.37,
2.36,
2.37,
2.37,
2.37,
2.37,
2.37,
2.37,
2.37,
2.37,
2.37,
2.37,
2.37,
2.37,
2.37,
2.37,
2.37,
2.37,
2.37,
2.37,
2.37,
2.37,
2.37,
2.37,
2.37,
2.37,
2.37,
2.37,
2.37,
2.37,
2.37,
2.37,
2.37,
2.37,
2.37,
2.37,
2.37,
2.37,
2.37,
2.37,
2.37,
2.37,
2.37,
2.37,
2.37,
2.37,
2.37,
2.37,
2.37,
2.37,
2.37,
2.37,
2.37,
2.37,
2.37,
2.37,
2.37,
2.37,
2.37,
2.37,
2.37,
2.37,
2.37,
2.37,
2.37,
2.37,
2.37,
2.37,
2.37,
2.37,
2.37,
2.37,
2.37,
2.37,
2.37,
2.37,
2.37,
2.37,
2.37,
2.37,
2.37,
2.37,
2.37,
2.37,
2.37,
2.37,
2.37,
2.37,
2.37,
2.37,
2.37,
2.37,
2.37,
2.37,
2.37,
2.37,
2.37,
2.37,
2.37,
2.37,
2.37,
2.37,
2.37,
2.37,
2.37,
2.37,
2.37,
2.37,
2.37,
2.37,
2.37,
2.37,
2.37,
2.37,
2.37,
2.37,
2.37,
2.37,
2.37,
2.37,
2.37,
2.37,
2.37,
2.37,
2.37,
2.37,
2.37,
2.37,
2.37,
2.37,
2.37,
2.37,
2.37,
2.37,
2.37,
2.37,
2.37,
2.37,
2.37,
2.37,
2.37,
2.37,
2.37,
2.37,
2.37,
2.37,
2.37,
2.37,
2.37,
2.37,
2.37,
2.37,
2.37,
2.36,
2.37,
2.37,
2.37,
2.37,
2.37,
2.37,
2.37,
2.37,
2.37,
2.37,
2.37,
2.37,
2.37,
2.37,
2.37,
2.37,
2.37,
2.37,
2.37,
2.37,
2.37,
2.37,
2.37,
2.37,
2.37,
2.37,
2.37,
2.37,
2.37,
2.37,