aes-decryption,
26.98,
26.97,
26.98,
26.97,
26.98,
26.98,
26.98,
26.98,
26.98,
26.98,
26.98,
26.98,
26.98,
26.98,
26.98,
26.98,
26.98,
26.97,
26.97,
26.98,
26.98,
26.98,
26.98,
26.98,
26.98,
26.98,
26.98,
26.98,
26.98,
26.98,
26.98,
26.98,
26.98,
26.98,
26.98,
26.98,
26.98,
26.97,
26.98,
26.98,
26.98,
26.98,
26.98,
26.98,
26.98,
26.98,
26.98,
26.98,
26.98,
26.98,
26.98,
26.98,
26.98,
26.98,
26.98,
26.98,
26.98,
26.98,
26.98,
26.98,
26.98,
26.98,
26.98,
26.98,
26.98,
26.98,
26.98,
26.98,
26.98,
26.98,
26.98,
26.97,
26.98,
26.98,
26.98,
26.98,
26.98,
26.98,
26.98,
26.97,
26.98,
26.98,
26.98,
26.98,
26.98,
26.98,
26.98,
26.98,
26.98,
26.98,
26.98,
26.98,
26.98,
26.98,
26.98,
26.98,
26.98,
26.98,
26.98,
26.98,
26.98,
26.98,
26.98,
26.98,
26.98,
26.98,
26.98,
26.98,
26.98,
26.98,
26.98,
26.98,
26.98,
26.98,
26.97,
26.97,
26.98,
26.97,
26.98,
26.98,
26.98,
26.98,
26.98,
26.98,
26.98,
26.98,
26.98,
26.98,
26.98,
26.98,
26.98,
26.98,
26.98,
26.98,
26.98,
26.98,
26.98,
26.98,
26.98,
26.98,
26.98,
26.98,
26.98,
26.98,
26.98,
26.98,
26.98,
26.98,
26.98,
26.98,
26.98,
26.98,
26.98,
26.98,
26.98,
26.98,
26.98,
26.98,
26.98,
26.98,
26.98,
26.98,
26.98,
26.98,
26.98,
26.98,
26.98,
26.98,
26.98,
26.98,
26.98,
26.98,
26.98,
26.98,
26.98,
26.98,
26.98,
26.98,
26.98,
26.98,
26.98,
26.98,
26.98,
26.98,
26.98,
26.98,
26.98,
26.98,
26.98,
26.98,
26.98,
26.98,
26.98,
26.98,
26.98,
26.98,
26.98,
26.98,
26.98,
26.98,