aes-encryption,
27.03,
27.03,
27.03,
27.03,
27.03,
27.03,
27.03,
27.03,
27.03,
27.03,
27.03,
27.03,
27.03,
27.03,
27.03,
27.03,
27.03,
27.03,
27.03,
27.03,
27.03,
27.03,
27.03,
27.03,
27.03,
27.03,
27.03,
27.03,
27.03,
27.03,
27.03,
27.03,
27.03,
27.04,
27.04,
27.04,
27.03,
27.03,
27.03,
27.03,
27.04,
27.03,
27.03,
27.03,
27.03,
27.03,
27.04,
27.03,
27.03,
27.03,
27.04,
27.04,
27.03,
27.03,
27.03,
27.03,
27.04,
27.03,
27.04,
27.04,
27.03,
27.03,
27.03,
27.03,
27.03,
27.03,
27.03,
27.03,
27.04,
27.04,
27.03,
27.03,
27.03,
27.03,
27.03,
27.04,
27.03,
27.04,
27.03,
27.03,
27.03,
27.03,
27.03,
27.04,
27.03,
27.03,
27.03,
27.03,
27.03,
27.03,
27.03,
27.03,
27.03,
27.03,
27.03,
27.03,
27.03,
27.03,
27.03,
27.03,
27.03,
27.03,
27.03,
27.03,
27.03,
27.03,
27.03,
27.03,
27.04,
27.03,
27.03,
27.03,
27.03,
27.03,
27.03,
27.03,
27.03,
27.03,
27.03,
27.03,
27.03,
27.04,
27.04,
27.04,
27.03,
27.03,
27.03,
27.03,
27.04,
27.03,
27.03,
27.03,
27.03,
27.04,
27.03,
27.03,
27.04,
27.04,
27.03,
27.04,
27.04,
27.03,
27.04,
27.04,
27.04,
27.03,
27.03,
27.03,
27.03,
27.03,
27.03,
27.03,
27.03,
27.03,
27.04,
27.04,
27.03,
27.04,
27.03,
27.03,
27.03,
27.03,
27.03,
27.03,
27.04,
27.03,
27.04,
27.04,
27.04,
27.03,
27.03,
27.03,
27.04,
27.03,
27.03,
27.03,
27.03,
27.03,
27.03,
27.03,
27.03,
27.04,
27.03,
27.03,
27.03,
27.04,
27.03,
27.03,
27.04,
27.04,
27.04,
27.03,
27.03,
27.03,
27.03,
27.03,
27.03,
27.04,
27.04,
27.04